{
    "prefactor": 2.0,
    "accuracy": 0.0007080601142616785,
    "check_neutrality": true,
    "charge_neutrality_tolerance": 1e-10,
    "cao": 7,
    "tune": false,
    "mesh": [
        72,
        72,
        72
    ],
    "alpha": 0.7225089397369138,
    "r_cut": 2.71944573657894,
    "alpha_L": 43.35053638421482,
    "r_cut_iL": 0.045324095609649014,
    "mesh_off": [
        0.5,
        0.5,
        0.5
    ],
    "a": [
        0.8333333333333333,
        0.8333333333333333,
        0.8333333333333333
    ],
    "epsilon": 0.0,
    "timings": 10,
    "verbose": true,
    "is_tuned": true
}