{
    "rng_state": {
        "bit_generator": "PCG64",
        "state": {
            "state": 117610681820544064887984370226725706708,
            "inc": 187397772957039110973421197883124971561
        },
        "has_uint32": 0,
        "uinteger": 1158852427
    },
    "skin": 0.45,
    "box_l": 29.999999999999993,
    "sim_time": 129.00000000002765,
    "is_confinement_gone": true,
    "is_melt_minimized": true,
    "is_skin_tuned": true,
    "steps_melt_eq": 1000,
    "steps_gel_eq": 1000,
    "is_ferrofluid_minimized": true,
    "steps_mmgel_eq": 300,
    "crosslinking_state": {
        "is_initialized": true,
        "has_finished": true,
        "iterations": 6
    }
}