{
    "rng_state": {
        "bit_generator": "PCG64",
        "state": {
            "state": 155185928595599892265515078993617848307,
            "inc": 205811994024369694874647763278235630181
        },
        "has_uint32": 0,
        "uinteger": 0
    },
    "skin": 0.4,
    "box_l": 59.999999999999986,
    "sim_time": 0.0,
    "is_confinement_gone": false,
    "is_melt_minimized": true,
    "is_skin_tuned": false,
    "steps_melt_eq": 0,
    "steps_gel_eq": 0,
    "is_ferrofluid_minimized": false,
    "steps_mmgel_eq": 0
}