{
    "rng_state": {
        "bit_generator": "PCG64",
        "state": {
            "state": 261039622241964889799563393916600683530,
            "inc": 333565746043570805764140895960974716795
        },
        "has_uint32": 0,
        "uinteger": 0
    },
    "skin": 0.7000000000000001,
    "box_l": 59.999999999999986,
    "sim_time": 101.00000000001477,
    "is_confinement_gone": false,
    "is_melt_minimized": true,
    "is_skin_tuned": true,
    "steps_melt_eq": 100,
    "steps_gel_eq": 0,
    "is_ferrofluid_minimized": false,
    "steps_mmgel_eq": 0,
    "crosslinking_state": {
        "is_initialized": true,
        "has_finished": false,
        "iterations": 0
    }
}