{
    "rng_state": {
        "bit_generator": "PCG64",
        "state": {
            "state": 52814658325398677214966600262707321018,
            "inc": 126555337161045164631699595129988348221
        },
        "has_uint32": 0,
        "uinteger": 48436180
    },
    "skin": 0.45,
    "box_l": 59.999999999999986,
    "sim_time": 121.000000000025,
    "is_confinement_gone": false,
    "is_melt_minimized": true,
    "is_skin_tuned": true,
    "steps_melt_eq": 100,
    "steps_gel_eq": 0,
    "is_ferrofluid_minimized": false,
    "steps_mmgel_eq": 0,
    "crosslinking_state": {
        "is_initialized": true,
        "has_finished": false,
        "iterations": 20
    }
}