{
    "prefactor": 2.0,
    "accuracy": 0.0008624612958152176,
    "check_neutrality": true,
    "charge_neutrality_tolerance": 1e-10,
    "tune": false,
    "mesh": [
        82,
        82,
        82
    ],
    "r_cut": 3.0,
    "cao": 2,
    "alpha_L": 51.955230635289375,
    "r_cut_iL": 0.029585798816568046,
    "mesh_off": [
        0.5,
        0.5,
        0.5
    ],
    "a": [
        1.2365853658536587,
        1.2365853658536587,
        1.2365853658536587
    ],
    "epsilon": 0.0,
    "timings": 10,
    "verbose": true,
    "alpha": 0.5123790003480214,
    "check_complex_residuals": true,
    "is_tuned": true
}