{
    "rng_state": {
        "bit_generator": "PCG64",
        "state": {
            "state": 264011433759821484733638474484587497769,
            "inc": 126555337161045164631699595129988348221
        },
        "has_uint32": 1,
        "uinteger": 2071861471
    },
    "skin": 0.45,
    "box_l": 59.999999999999986,
    "sim_time": 124.00000000002653,
    "is_confinement_gone": true,
    "is_melt_minimized": true,
    "is_skin_tuned": true,
    "steps_melt_eq": 100,
    "steps_gel_eq": 0,
    "is_ferrofluid_minimized": false,
    "steps_mmgel_eq": 0,
    "crosslinking_state": {
        "is_initialized": true,
        "has_finished": true,
        "iterations": 23
    }
}