{
    "rng_state": {
        "bit_generator": "PCG64",
        "state": {
            "state": 87834876176382060352639423293041862212,
            "inc": 205811994024369694874647763278235630181
        },
        "has_uint32": 0,
        "uinteger": 0
    },
    "skin": 0.55,
    "box_l": 59.999999999999986,
    "sim_time": 101.00000000001477,
    "is_confinement_gone": false,
    "is_melt_minimized": true,
    "is_skin_tuned": true,
    "steps_melt_eq": 100,
    "steps_gel_eq": 0,
    "is_ferrofluid_minimized": false,
    "steps_mmgel_eq": 0,
    "crosslinking_state": {
        "is_initialized": true,
        "has_finished": false,
        "iterations": 0
    }
}