{
    "rng_state": {
        "bit_generator": "PCG64",
        "state": {
            "state": 333195948006131802563666277543339559359,
            "inc": 130238437861947987076250387413662774651
        },
        "has_uint32": 1,
        "uinteger": 478386507
    },
    "skin": 0.48125000000000007,
    "box_l": 101.4,
    "sim_time": 1110.0099999991355,
    "is_confinement_gone": true,
    "is_melt_minimized": true,
    "is_skin_tuned": false,
    "steps_melt_eq": 1000,
    "steps_gel_eq": 100000,
    "is_ferrofluid_minimized": true,
    "steps_mmgel_eq": 0,
    "crosslinking_state": {
        "is_initialized": true,
        "has_finished": true,
        "iterations": 1
    }
}