{
    "rng_state": {
        "bit_generator": "PCG64",
        "state": {
            "state": 233050502289455318592469680147431595691,
            "inc": 187397772957039110973421197883124971561
        },
        "has_uint32": 0,
        "uinteger": 0
    },
    "skin": 0.45,
    "box_l": 29.999999999999993,
    "sim_time": 110.00000000001937,
    "is_confinement_gone": false,
    "is_melt_minimized": true,
    "is_skin_tuned": true,
    "steps_melt_eq": 1000,
    "steps_gel_eq": 0,
    "is_ferrofluid_minimized": false,
    "steps_mmgel_eq": 0,
    "crosslinking_state": {
        "is_initialized": true,
        "has_finished": false,
        "iterations": 0
    }
}