{
    "rng_state": {
        "bit_generator": "PCG64",
        "state": {
            "state": 138242635946640362767146511365569512395,
            "inc": 126555337161045164631699595129988348221
        },
        "has_uint32": 0,
        "uinteger": 0
    },
    "skin": 0.45,
    "box_l": 59.999999999999986,
    "sim_time": 1.0000000000000007,
    "is_confinement_gone": false,
    "is_melt_minimized": true,
    "is_skin_tuned": true,
    "steps_melt_eq": 100,
    "steps_gel_eq": 0,
    "is_ferrofluid_minimized": false,
    "steps_mmgel_eq": 0
}