{
    "rng_state": {
        "bit_generator": "PCG64",
        "state": {
            "state": 284196975827851487676613228073565919192,
            "inc": 130238437861947987076250387413662774651
        },
        "has_uint32": 1,
        "uinteger": 478386507
    },
    "skin": 1.71875,
    "box_l": 101.4,
    "sim_time": 15060.010000282306,
    "is_confinement_gone": true,
    "is_melt_minimized": true,
    "is_skin_tuned": true,
    "steps_melt_eq": 1000,
    "steps_gel_eq": 100000,
    "is_ferrofluid_minimized": true,
    "steps_mmgel_eq": 1395000,
    "crosslinking_state": {
        "is_initialized": true,
        "has_finished": true,
        "iterations": 1
    }
}