{
    "rng_state": {
        "bit_generator": "PCG64",
        "state": {
            "state": 314213952131044178256634640770788640722,
            "inc": 333565746043570805764140895960974716795
        },
        "has_uint32": 0,
        "uinteger": 3982729024
    },
    "skin": 0.7000000000000001,
    "box_l": 59.999999999999986,
    "sim_time": 124.00000000002653,
    "is_confinement_gone": true,
    "is_melt_minimized": true,
    "is_skin_tuned": true,
    "steps_melt_eq": 100,
    "steps_gel_eq": 0,
    "is_ferrofluid_minimized": false,
    "steps_mmgel_eq": 0,
    "crosslinking_state": {
        "is_initialized": true,
        "has_finished": true,
        "iterations": 23
    }
}