{
    "rng_state": {
        "bit_generator": "PCG64",
        "state": {
            "state": 268670953467161420901692160846043290059,
            "inc": 333565746043570805764140895960974716795
        },
        "has_uint32": 0,
        "uinteger": 0
    },
    "skin": 0.4,
    "box_l": 59.999999999999986,
    "sim_time": 0.0,
    "is_confinement_gone": false,
    "is_melt_minimized": true,
    "is_skin_tuned": false,
    "steps_melt_eq": 0,
    "steps_gel_eq": 0,
    "is_ferrofluid_minimized": false,
    "steps_mmgel_eq": 0
}