{
    "rng_state": {
        "bit_generator": "PCG64",
        "state": {
            "state": 145200272328634740209354658542035510548,
            "inc": 187397772957039110973421197883124971561
        },
        "has_uint32": 0,
        "uinteger": 0
    },
    "skin": 0.45,
    "box_l": 29.999999999999993,
    "sim_time": 2.0000000000000013,
    "is_confinement_gone": false,
    "is_melt_minimized": true,
    "is_skin_tuned": true,
    "steps_melt_eq": 200,
    "steps_gel_eq": 0,
    "is_ferrofluid_minimized": false,
    "steps_mmgel_eq": 0
}