{
    "rng_state": {
        "bit_generator": "PCG64",
        "state": {
            "state": 318735226811013253545173791225075217745,
            "inc": 205811994024369694874647763278235630181
        },
        "has_uint32": 1,
        "uinteger": 453912126
    },
    "skin": 0.55,
    "box_l": 59.999999999999986,
    "sim_time": 124.00000000002653,
    "is_confinement_gone": true,
    "is_melt_minimized": true,
    "is_skin_tuned": true,
    "steps_melt_eq": 100,
    "steps_gel_eq": 0,
    "is_ferrofluid_minimized": false,
    "steps_mmgel_eq": 0,
    "crosslinking_state": {
        "is_initialized": true,
        "has_finished": true,
        "iterations": 23
    }
}